{
	"credit": "Made with Blockbench",
	"parent": "block/block",
	"textures": {
		"2": "aylyth:block/pomegranate_fruit_details"
	},
	"elements": [
		{
			"from": [3, 1, 4],
			"to": [7, 6, 4],
			"rotation": {"angle": 45, "axis": "y", "origin": [5, 6, 4]},
			"faces": {
				"north": {"uv": [0, 6, 4, 11], "texture": "#2"},
				"east": {"uv": [0, 0, 0, 5], "texture": "#2"},
				"south": {"uv": [4, 6, 0, 11], "texture": "#2"},
				"west": {"uv": [0, 0, 0, 5], "texture": "#2"},
				"up": {"uv": [0, 0, 4, 0], "texture": "#2"},
				"down": {"uv": [0, 0, 4, 0], "texture": "#2"}
			}
		},
		{
			"from": [3, 1, 4],
			"to": [7, 6, 4],
			"rotation": {"angle": -45, "axis": "y", "origin": [5, 6, 4]},
			"faces": {
				"north": {"uv": [0, 6, 4, 11], "texture": "#2"},
				"east": {"uv": [0, 0, 0, 5], "texture": "#2"},
				"south": {"uv": [4, 6, 0, 11], "texture": "#2"},
				"west": {"uv": [0, 0, 0, 5], "texture": "#2"},
				"up": {"uv": [0, 0, 4, 0], "texture": "#2"},
				"down": {"uv": [0, 0, 4, 0], "texture": "#2"}
			}
		},
		{
			"from": [3.6, 3.1, 2.6],
			"to": [6.4, 5.9, 5.4],
			"rotation": {"angle": 0, "axis": "y", "origin": [5, 6, 4]},
			"faces": {
				"north": {"uv": [5, 7, 8, 10], "texture": "#2"},
				"east": {"uv": [5, 7, 8, 10], "texture": "#2"},
				"south": {"uv": [5, 7, 8, 10], "texture": "#2"},
				"west": {"uv": [5, 7, 8, 10], "texture": "#2"},
				"up": {"uv": [13, 7, 16, 10], "texture": "#2"},
				"down": {"uv": [9, 7, 12, 10], "texture": "#2"}
			}
		},
		{
			"from": [8, -4, 4],
			"to": [12, 1, 4],
			"rotation": {"angle": 45, "axis": "y", "origin": [10, 1, 4]},
			"faces": {
				"north": {"uv": [0, 6, 4, 11], "texture": "#2"},
				"east": {"uv": [0, 0, 0, 5], "texture": "#2"},
				"south": {"uv": [4, 6, 0, 11], "texture": "#2"},
				"west": {"uv": [0, 0, 0, 5], "texture": "#2"},
				"up": {"uv": [0, 0, 4, 0], "texture": "#2"},
				"down": {"uv": [0, 0, 4, 0], "texture": "#2"}
			}
		},
		{
			"from": [8, -4, 4],
			"to": [12, 1, 4],
			"rotation": {"angle": -45, "axis": "y", "origin": [10, 1, 4]},
			"faces": {
				"north": {"uv": [0, 6, 4, 11], "texture": "#2"},
				"east": {"uv": [0, 0, 0, 5], "texture": "#2"},
				"south": {"uv": [4, 6, 0, 11], "texture": "#2"},
				"west": {"uv": [0, 0, 0, 5], "texture": "#2"},
				"up": {"uv": [0, 0, 4, 0], "texture": "#2"},
				"down": {"uv": [0, 0, 4, 0], "texture": "#2"}
			}
		},
		{
			"from": [8.6, -1.9, 2.6],
			"to": [11.4, 0.9, 5.4],
			"rotation": {"angle": 0, "axis": "y", "origin": [10, 1, 4]},
			"faces": {
				"north": {"uv": [5, 7, 8, 10], "texture": "#2"},
				"east": {"uv": [5, 7, 8, 10], "texture": "#2"},
				"south": {"uv": [5, 7, 8, 10], "texture": "#2"},
				"west": {"uv": [5, 7, 8, 10], "texture": "#2"},
				"up": {"uv": [13, 7, 16, 10], "texture": "#2"},
				"down": {"uv": [9, 7, 12, 10], "texture": "#2"}
			}
		},
		{
			"from": [6, -5, 13],
			"to": [10, 0, 13],
			"rotation": {"angle": 45, "axis": "y", "origin": [8, 0, 13]},
			"faces": {
				"north": {"uv": [0, 6, 4, 11], "texture": "#2"},
				"east": {"uv": [0, 0, 0, 5], "texture": "#2"},
				"south": {"uv": [4, 6, 0, 11], "texture": "#2"},
				"west": {"uv": [0, 0, 0, 5], "texture": "#2"},
				"up": {"uv": [0, 0, 4, 0], "texture": "#2"},
				"down": {"uv": [0, 0, 4, 0], "texture": "#2"}
			}
		},
		{
			"from": [6, -5, 13],
			"to": [10, 0, 13],
			"rotation": {"angle": -45, "axis": "y", "origin": [8, 0, 13]},
			"faces": {
				"north": {"uv": [0, 6, 4, 11], "texture": "#2"},
				"east": {"uv": [0, 0, 0, 5], "texture": "#2"},
				"south": {"uv": [4, 6, 0, 11], "texture": "#2"},
				"west": {"uv": [0, 0, 0, 5], "texture": "#2"},
				"up": {"uv": [0, 0, 4, 0], "texture": "#2"},
				"down": {"uv": [0, 0, 4, 0], "texture": "#2"}
			}
		},
		{
			"from": [6.6, -2.9, 11.6],
			"to": [9.4, -0.1, 14.4],
			"rotation": {"angle": 0, "axis": "y", "origin": [8, 0, 13]},
			"faces": {
				"north": {"uv": [5, 7, 8, 10], "texture": "#2"},
				"east": {"uv": [5, 7, 8, 10], "texture": "#2"},
				"south": {"uv": [5, 7, 8, 10], "texture": "#2"},
				"west": {"uv": [5, 7, 8, 10], "texture": "#2"},
				"up": {"uv": [13, 7, 16, 10], "texture": "#2"},
				"down": {"uv": [9, 7, 12, 10], "texture": "#2"}
			}
		},
		{
			"from": [10, 3, 13],
			"to": [14, 8, 13],
			"rotation": {"angle": 45, "axis": "y", "origin": [12, 8, 13]},
			"faces": {
				"north": {"uv": [0, 6, 4, 11], "texture": "#2"},
				"east": {"uv": [0, 0, 0, 5], "texture": "#2"},
				"south": {"uv": [4, 6, 0, 11], "texture": "#2"},
				"west": {"uv": [0, 0, 0, 5], "texture": "#2"},
				"up": {"uv": [0, 0, 4, 0], "texture": "#2"},
				"down": {"uv": [0, 0, 4, 0], "texture": "#2"}
			}
		},
		{
			"from": [10, 3, 13],
			"to": [14, 8, 13],
			"rotation": {"angle": -45, "axis": "y", "origin": [12, 8, 13]},
			"faces": {
				"north": {"uv": [0, 6, 4, 11], "texture": "#2"},
				"east": {"uv": [0, 0, 0, 5], "texture": "#2"},
				"south": {"uv": [4, 6, 0, 11], "texture": "#2"},
				"west": {"uv": [0, 0, 0, 5], "texture": "#2"},
				"up": {"uv": [0, 0, 4, 0], "texture": "#2"},
				"down": {"uv": [0, 0, 4, 0], "texture": "#2"}
			}
		},
		{
			"from": [10.6, 5.1, 11.6],
			"to": [13.4, 7.9, 14.4],
			"rotation": {"angle": 0, "axis": "y", "origin": [12, 8, 13]},
			"faces": {
				"north": {"uv": [5, 7, 8, 10], "texture": "#2"},
				"east": {"uv": [5, 7, 8, 10], "texture": "#2"},
				"south": {"uv": [5, 7, 8, 10], "texture": "#2"},
				"west": {"uv": [5, 7, 8, 10], "texture": "#2"},
				"up": {"uv": [13, 7, 16, 10], "texture": "#2"},
				"down": {"uv": [9, 7, 12, 10], "texture": "#2"}
			}
		}
	],
	"groups": [
		{
			"name": "flower01",
			"origin": [8, 8, 8],
			"color": 0,
			"children": [0, 1, 2]
		},
		{
			"name": "flower02",
			"origin": [8, 8, 8],
			"color": 0,
			"children": [3, 4, 5]
		},
		{
			"name": "flower03",
			"origin": [8, 8, 8],
			"color": 0,
			"children": [6, 7, 8]
		},
		{
			"name": "flower04",
			"origin": [8, 8, 8],
			"color": 0,
			"children": [9, 10, 11]
		}
	]
}