{
    "variants": {
        "": [
			{ "model": "betternether:block/nether_sakura_leaves" },
			{ "model": "betternether:block/nether_sakura_leaves", "y": 90 },
			{ "model": "betternether:block/nether_sakura_leaves", "x": 90 },
			{ "model": "betternether:block/nether_sakura_leaves", "x": 90, "y": 90 },
			{ "model": "betternether:block/nether_sakura_leaves2" },
			{ "model": "betternether:block/nether_sakura_leaves2", "y": 90 },
			{ "model": "betternether:block/nether_sakura_leaves2", "x": 90 },
			{ "model": "betternether:block/nether_sakura_leaves2", "x": 90, "y": 90 },
			{ "model": "betternether:block/nether_sakura_leaves3" },
			{ "model": "betternether:block/nether_sakura_leaves3", "y": 90 },
			{ "model": "betternether:block/nether_sakura_leaves3", "x": 90 },
			{ "model": "betternether:block/nether_sakura_leaves3", "x": 90, "y": 90 }
		]
    }
}