{
    "variants": {
        "growth=cant_grow": [
			{ "model": "blue_skies:block/comet_leaves" },
			{ "model": "blue_skies:block/comet_leaves", "y": 90 },
			{ "model": "blue_skies:block/comet_leaves", "x": 90 },
			{ "model": "blue_skies:block/comet_leaves", "x": 90, "y": 90 }
			],
		"growth=can_grow": [
			{ "model": "blue_skies:block/comet_leaves_can" },
			{ "model": "blue_skies:block/comet_leaves_can", "y": 90 },
			{ "model": "blue_skies:block/comet_leaves_can", "x": 90 },
			{ "model": "blue_skies:block/comet_leaves_can", "x": 90, "y": 90 }
            ],
         "growth=grown": [
            { "model": "blue_skies:block/comet_leaves_grown" },
            { "model": "blue_skies:block/comet_leaves_grown", "y": 90 },
            { "model": "blue_skies:block/comet_leaves_grown", "x": 90 },
            { "model": "blue_skies:block/comet_leaves_grown", "x": 90, "y": 90 }
		]
    }
}