{
    "variants": {
        "mature=false": [
			{ "model": "blue_skies:block/crescent_fruit_leaves" },
			{ "model": "blue_skies:block/crescent_fruit_leaves", "y": 90 },
			{ "model": "blue_skies:block/crescent_fruit_leaves", "x": 90 },
			{ "model": "blue_skies:block/crescent_fruit_leaves", "x": 90, "y": 90 }
			],
		"mature=true": [
			{ "model": "blue_skies:block/crescent_fruit_leaves_mature" },
			{ "model": "blue_skies:block/crescent_fruit_leaves_mature", "y": 90 },
			{ "model": "blue_skies:block/crescent_fruit_leaves_mature", "x": 90 },
			{ "model": "blue_skies:block/crescent_fruit_leaves_mature", "x": 90, "y": 90 }
		]
    }
}