{
  "variants": {
    "age=0": [
      { "model": "croptopia:block/oak_pink_bud" },
			{ "model": "croptopia:block/oak_pink_bud", "y": 90 },
			{ "model": "croptopia:block/oak_pink_bud", "x": 90 },
			{ "model": "croptopia:block/oak_pink_bud", "x": 90, "y": 90 }
    ],
    "age=1": [
      { "model": "croptopia:block/oak_pink_flower" },
			{ "model": "croptopia:block/oak_pink_flower", "y": 90 },
			{ "model": "croptopia:block/oak_pink_flower", "x": 90 },
			{ "model": "croptopia:block/oak_pink_flower", "x": 90, "y": 90 }
    ],
    "age=2": [
      { "model": "croptopia:block/cashew_unripe" },
			{ "model": "croptopia:block/cashew_unripe", "y": 90 },
			{ "model": "croptopia:block/cashew_unripe", "x": 90 },
			{ "model": "croptopia:block/cashew_unripe", "x": 90, "y": 90 }
    ],
    "age=3": [
      { "model": "croptopia:block/cashew_ripe" },
			{ "model": "croptopia:block/cashew_ripe", "y": 90 },
			{ "model": "croptopia:block/cashew_ripe", "x": 90 },
			{ "model": "croptopia:block/cashew_ripe", "x": 90, "y": 90 }
    ]
  }
}