{
  "variants": {
    "age=0": [
      { "model": "croptopia:block/jungle_white_bud" },
			{ "model": "croptopia:block/jungle_white_bud", "y": 90 },
			{ "model": "croptopia:block/jungle_white_bud", "x": 90 },
			{ "model": "croptopia:block/jungle_white_bud", "x": 90, "y": 90 }
    ],
    "age=1": [
      { "model": "croptopia:block/jungle_white_flower" },
			{ "model": "croptopia:block/jungle_white_flower", "y": 90 },
			{ "model": "croptopia:block/jungle_white_flower", "x": 90 },
			{ "model": "croptopia:block/jungle_white_flower", "x": 90, "y": 90 }
    ],
    "age=2": [
      { "model": "croptopia:block/nutmeg_unripe" },
			{ "model": "croptopia:block/nutmeg_unripe", "y": 90 },
			{ "model": "croptopia:block/nutmeg_unripe", "x": 90 },
			{ "model": "croptopia:block/nutmeg_unripe", "x": 90, "y": 90 }
    ],
    "age=3": [
      { "model": "croptopia:block/nutmeg_ripe" },
			{ "model": "croptopia:block/nutmeg_ripe", "y": 90 },
			{ "model": "croptopia:block/nutmeg_ripe", "x": 90 },
			{ "model": "croptopia:block/nutmeg_ripe", "x": 90, "y": 90 }
    ]
  }
}