{
  "variants": {
    "age=0": [
      { "model": "croptopia:block/oak_white_bud" },
			{ "model": "croptopia:block/oak_white_bud", "y": 90 },
			{ "model": "croptopia:block/oak_white_bud", "x": 90 },
			{ "model": "croptopia:block/oak_white_bud", "x": 90, "y": 90 }
    ],
    "age=1": [
      { "model": "croptopia:block/oak_white_flower" },
			{ "model": "croptopia:block/oak_white_flower", "y": 90 },
			{ "model": "croptopia:block/oak_white_flower", "x": 90 },
			{ "model": "croptopia:block/oak_white_flower", "x": 90, "y": 90 }
    ],
    "age=2": [
      { "model": "croptopia:block/pear_unripe" },
			{ "model": "croptopia:block/pear_unripe", "y": 90 },
			{ "model": "croptopia:block/pear_unripe", "x": 90 },
			{ "model": "croptopia:block/pear_unripe", "x": 90, "y": 90 }
    ],
    "age=3": [
      { "model": "croptopia:block/pear_ripe" },
			{ "model": "croptopia:block/pear_ripe", "y": 90 },
			{ "model": "croptopia:block/pear_ripe", "x": 90 },
			{ "model": "croptopia:block/pear_ripe", "x": 90, "y": 90 }
    ]
  }
}