{
  "variants": {
    "age=0": [
      { "model": "croptopia:block/oak_yellow_bud" },
			{ "model": "croptopia:block/oak_yellow_bud", "y": 90 },
			{ "model": "croptopia:block/oak_yellow_bud", "x": 90 },
			{ "model": "croptopia:block/oak_yellow_bud", "x": 90, "y": 90 }
    ],
    "age=1": [
      { "model": "croptopia:block/oak_yellow_flower" },
			{ "model": "croptopia:block/oak_yellow_flower", "y": 90 },
			{ "model": "croptopia:block/oak_yellow_flower", "x": 90 },
			{ "model": "croptopia:block/oak_yellow_flower", "x": 90, "y": 90 }
    ],
    "age=2": [
      { "model": "croptopia:block/persimmon_unripe" },
			{ "model": "croptopia:block/persimmon_unripe", "y": 90 },
			{ "model": "croptopia:block/persimmon_unripe", "x": 90 },
			{ "model": "croptopia:block/persimmon_unripe", "x": 90, "y": 90 }
    ],
    "age=3": [
      { "model": "croptopia:block/persimmon_ripe" },
			{ "model": "croptopia:block/persimmon_ripe", "y": 90 },
			{ "model": "croptopia:block/persimmon_ripe", "x": 90 },
			{ "model": "croptopia:block/persimmon_ripe", "x": 90, "y": 90 }
    ]
  }
}