{
	"credit": "Made with Blockbench",
	"parent": "block/block",
	"textures": {
		"particle": "block/oak_bushy",
		"bushy": "block/oak_bushy",
		"overlay": "croptopia:block/almond_unripe_overlay"
	},
	"elements": [
		{
			"from": [8, -5, -7],
			"to": [8, 21, 23],
			"shade": false,
			"rotation": {"angle": -45, "axis": "y", "origin": [8, 11, 8]},
			"faces": {
				"east": {"uv": [16, 0, 0, 16], "texture": "#bushy", "tintindex": 0},
				"west": {"uv": [0, 0, 16, 16], "texture": "#bushy", "tintindex": 0}
			}
		},
		{
			"from": [-5, 8, -8],
			"to": [21, 8, 24],
			"shade": false,
			"rotation": {"angle": -45, "axis": "x", "origin": [11, 8, 8]},
			"faces": {
				"up": {"uv": [0, 0, 16, 16], "rotation": 180, "texture": "#bushy", "tintindex": 0},
				"down": {"uv": [16, 0, 0, 16], "texture": "#bushy", "tintindex": 0}
			}
		},
		{
			"from": [-5, -8, 8],
			"to": [21, 24, 8],
			"shade": false,
			"rotation": {"angle": -45, "axis": "x", "origin": [11, 8, 8]},
			"faces": {
				"north": {"uv": [0, 0, 16, 16], "texture": "#bushy", "tintindex": 0},
				"south": {"uv": [16, 0, 0, 16], "texture": "#bushy", "tintindex": 0}
			}
		},
		{
			"from": [8, -5, -7],
			"to": [8, 21, 23],
			"shade": false,
			"rotation": {"angle": -45, "axis": "y", "origin": [8, 11, 8]},
			"faces": {
				"east": {"uv": [16, 0, 0, 16], "texture": "#overlay"},
				"west": {"uv": [0, 0, 16, 16], "texture": "#overlay"}
			}
		},
		{
			"from": [-5, 8, -8],
			"to": [21, 8, 24],
			"shade": false,
			"rotation": {"angle": -45, "axis": "x", "origin": [11, 8, 8]},
			"faces": {
				"up": {"uv": [0, 0, 16, 16], "rotation": 180, "texture": "#overlay"},
				"down": {"uv": [16, 0, 0, 16], "texture": "#overlay"}
			}
		},
		{
			"from": [-5, -8, 8],
			"to": [21, 24, 8],
			"shade": false,
			"rotation": {"angle": -45, "axis": "x", "origin": [11, 8, 8]},
			"faces": {
				"north": {"uv": [0, 0, 16, 16], "texture": "#overlay"},
				"south": {"uv": [16, 0, 0, 16], "texture": "#overlay"}
			}
		}
	],
	"groups": [
		{
			"name": "bushy",
			"origin": [11, 8, 8],
			"color": 0,
			"children": [0, 1, 2]
		},
		{
			"name": "overlay",
			"origin": [11, 8, 8],
			"color": 0,
			"children": [3, 4, 5]
		}
	]
}