{
    "variants": {
        "": [
			{ "model": "bloomingnature:block/swamp_oak_leaves" },
			{ "model": "bloomingnature:block/swamp_oak_leaves", "y": 90 },
			{ "model": "bloomingnature:block/swamp_oak_leaves", "x": 90 },
			{ "model": "bloomingnature:block/swamp_oak_leaves", "x": 90, "y": 90 },
			{ "model": "bloomingnature:block/swamp_oak_leaves2" },
			{ "model": "bloomingnature:block/swamp_oak_leaves2", "y": 90 },
			{ "model": "bloomingnature:block/swamp_oak_leaves2", "x": 90 },
			{ "model": "bloomingnature:block/swamp_oak_leaves2", "x": 90, "y": 90 }
		]
    }
}